assay	context
ADNP	BoneMarrow
AFF1	BoneMarrow
AFF1	Spleen
AFF4	Cervix
AGO1	Prostate
AGO2	BoneMarrow
AHR	Breast
APOBEC3B	Breast
AR	Breast
AR	EmbryonicKidney
AR	MammaryGland
AR	Prostate
ARID1A	Prostate
ARID3A	BoneMarrow
ARID3A	Liver
ARID5B	Blood
ARNT	BoneMarrow
ARNT	Breast
ARNT	Kidney
ASCL1	Lung
ASCL1	Skin
ASH2L	Prostate
ATF1	BoneMarrow
ATF1	Liver
ATF2	Blood
ATF2	Colon
ATF2	Embryo
ATF2	EmbryonicKidney
ATF3	Blood
ATF3	BoneMarrow
ATF3	Colon
ATF3	Embryo
ATF3	Liver
ATF3	Lung
ATF3	Skin
ATF4	Liver
ATF7IP	Cervix
ATRX	BoneMarrow
AUTS2	Cervix
BACH1	BoneMarrow
BACH1	Embryo
BACH2	Blood
BAHD1	EmbryonicKidney
BARX1	Colon
BARX2	Colon
BATF	Blood
BATF	BoneMarrow
BATF3	Blood
BCAT1	Colon
BCL11A	Blood
BCL11A	EmbryonicKidney
BCL11B	EmbryonicKidney
BCL11B	Thymus
BCL3	Blood
BCL3	Lung
BCL6	Blood
BCL6	BoneMarrow
BCL6	Tonsil
BCLAF1	Blood
BCLAF1	BoneMarrow
BCOR	BoneMarrow
BHLHE40	Blood
BHLHE40	BoneMarrow
BHLHE40	Liver
BHLHE40	Lung
BMI1	BoneMarrow
BMI1	Prostate
BRCA1	Breast
BRCA1	Cervix
BRCA1	Embryo
BRD1	Colon
BRD2	Blood
BRD2	EmbryonicKidney
BRD2	Pontine
BRD2	Prostate
BRD3	Blood
BRD3	EmbryonicKidney
BRD3	Prostate
BRD4	Blood
BRD4	BoneMarrow
BRD4	Brain
BRD4	Breast
BRD4	Colon
BRD4	Embryo
BRD4	EmbryonicKidney
BRD4	Lung
BRD4	Pancreas
BRD4	Pontine
BRD4	Prostate
BRD4	Retina
BRD4	Skin
BRD4	Stomach
BRD4	UmbilicalVein
BRD4	UrinaryBladder
BRD7	Skin
BRDU	Cervix
BRPF3	Colon
BTAF1	Cervix
C11orf30	BoneMarrow
C17orf49	Cervix
CAMTA2	Colon
CBFB	Blood
CBFB	BoneMarrow
CBFB	Pleura
CBX1	BoneMarrow
CBX1	EmbryonicKidney
CBX1	Liver
CBX2	BoneMarrow
CBX3	BoneMarrow
CBX3	Colon
CBX5	Blood
CBX5	Breast
CBX8	BoneMarrow
CBX8	Prostate
CCND2	Blood
CCNT2	BoneMarrow
CD59	Blood
CDC5L	BoneMarrow
CDCA2	Cervix
CDK12	Blood
CDK2	MammaryGland
CDK7	Blood
CDK8	Blood
CDK8	BoneMarrow
CDK8	Colon
CDK9	Blood
CDK9	Cervix
CDK9	Colon
CDK9	EmbryonicKidney
CDX2	Colon
CEBPA	Adipose
CEBPA	Blood
CEBPA	BoneMarrow
CEBPA	Liver
CEBPA	Pleura
CEBPB	Blood
CEBPB	BoneMarrow
CEBPB	Breast
CEBPB	Cervix
CEBPB	Colon
CEBPB	Embryo
CEBPB	Endometrium
CEBPB	Liver
CEBPB	Lung
CEBPD	BoneMarrow
CEBPD	Liver
CEBPG	BoneMarrow
CEBPG	Breast
CGGBP1	Foreskin
CHAMP1	BoneMarrow
CHD1	Blood
CHD1	BoneMarrow
CHD1	Breast
CHD1	Embryo
CHD1	Lung
CHD2	Blood
CHD2	BoneMarrow
CHD2	Cervix
CHD2	Embryo
CHD2	Liver
CHD5	BoneMarrow
CHD7	Embryo
CHD8	MammaryGland
CHRM2	Cervix
CHRM2	Endometrium
CHRM2	Pleura
CLOCK	Bone
CLOCK	Colon
COPS2	BoneMarrow
CPSF3L	Cervix
CREB1	Blood
CREB1	BoneMarrow
CREB1	Colon
CREB1	Embryo
CREB1	Endometrium
CREB1	Liver
CREB1	Lung
CREB1	MammaryGland
CREB1	Prostate
CREB3	BoneMarrow
CREBBP	Adipose
CREBBP	Blood
CREBBP	BoneMarrow
CREBBP	Brain
CREBBP	Colon
CREBBP	EmbryonicKidney
CREBBP	Tonsil
CREM	Liver
CRY1	Bone
CSDE1	BoneMarrow
CSNK2A1	Prostate
CTBP1	Breast
CTBP2	Embryo
CTCF	Adipose
CTCF	Blood
CTCF	Bone
CTCF	BoneMarrow
CTCF	Brain
CTCF	Breast
CTCF	Cerebellum
CTCF	Cervix
CTCF	Colon
CTCF	ConnectiveTissue
CTCF	Cordblood
CTCF	Embryo
CTCF	EmbryonicKidney
CTCF	Endometrium
CTCF	Esophagus
CTCF	Eye
CTCF	FetalLiver
CTCF	FetalLung
CTCF	Foreskin
CTCF	Gingiva
CTCF	Heart
CTCF	Kidney
CTCF	Liver
CTCF	Lung
CTCF	MammaryGland
CTCF	Pancreas
CTCF	PancreaticIslet
CTCF	Prostate
CTCF	PulmonaryArtery
CTCF	Retina
CTCF	SigmoidColon
CTCF	SkeletalMuscle
CTCF	Skin
CTCF	SpinalCord
CTCF	Spleen
CTCF	Stomach
CTCF	UmbilicalVein
CTCF	gastroesophagealsphincter
CTCFL	BoneMarrow
CTCFL	Breast
CTCFL	Colon
CUX1	Blood
CUX1	BoneMarrow
CUX1	Breast
DACOR1	Colon
DAXX	Prostate
DCP1A	Cervix
DCP1A	EmbryonicKidney
DDX20	BoneMarrow
DDX21	Cervix
DDX21	EmbryonicKidney
DDX5	Cervix
DDX5	Testis
DEAF1	BoneMarrow
DEK	Cervix
DEK	Pleura
DIDO1	BoneMarrow
DLX1	Colon
DMC1	Testis
DNMT1	BoneMarrow
DNMT3A	Foreskin
DNMT3B	Foreskin
DNMT3B	Liver
DPF1	BoneMarrow
DPF2	BoneMarrow
DPF2	Breast
DPPA2	EmbryonicKidney
DRAP1	Blood
DROSHA	Liver
DUX4	Muscle
DUX4	SkeletalMuscle
E2F1	Blood
E2F1	BoneMarrow
E2F1	Breast
E2F1	Cervix
E2F1	MammaryGland
E2F1	Prostate
E2F1	UmbilicalCord
E2F2	Colon
E2F3	Colon
E2F4	Adipose
E2F4	Blood
E2F4	BoneMarrow
E2F4	Breast
E2F4	Cervix
E2F5	BoneMarrow
E2F6	BoneMarrow
E2F6	Cervix
E2F6	Embryo
E2F6	Lung
E2F7	Colon
E2F7	Lung
E2F8	Colon
EBF1	Adipose
EBF1	Blood
EBF3	Brain
EBNA2	Blood
EED	Blood
EED	FetalLiver
EED	Prostate
EGLN2	MammaryGland
EGR1	Blood
EGR1	BoneMarrow
EGR1	Breast
EGR1	Colon
EGR1	Embryo
EGR1	Endometrium
EGR2	EmbryonicKidney
EGR3	EmbryonicKidney
EHMT2	Breast
EHMT2	EmbryonicKidney
ELF1	Blood
ELF1	BoneMarrow
ELF1	Brain
ELF1	Breast
ELF1	Colon
ELF1	Liver
ELF1	Lung
ELF3	Pancreaticductal
ELK1	Blood
ELK1	BoneMarrow
ELK1	Breast
ELK1	Cervix
ELK3	UmbilicalVein
ELK4	Cervix
ELL2	Cervix
EMSY	Cervix
EMX1	EmbryonicKidney
EOMES	Embryo
EP300	Blood
EP300	Bone
EP300	BoneMarrow
EP300	Brain
EP300	Breast
EP300	Cervix
EP300	Colon
EP300	Cranial
EP300	Embryo
EP300	EmbryonicKidney
EP300	Endometrium
EP300	Heart
EP300	Kidney
EP300	Liver
EP300	Lung
EP300	MammaryGland
EP300	Prostate
EP300	UmbilicalVein
EPAS1	Kidney
ERCC2	ConnectiveTissue
ERCC3	ConnectiveTissue
ERCC6	Skin
ERF	Prostate
ERG	Blood
ERG	BoneMarrow
ERG	Breast
ERG	Prostate
ESR1	Bone
ESR1	Breast
ESR1	Endometrium
ESR1	MammaryGland
ESR1	Prostate
ESR1	Uterus
ESR1	endometrioidadenocarcinoma
ESRRA	Blood
ESRRA	Breast
ESRRA	Liver
ETS1	Blood
ETS1	BoneMarrow
ETS1	Lung
ETS1	Pancreas
ETS1	Prostate
ETS1	UmbilicalVein
ETS2	Colon
ETV1	BoneMarrow
ETV1	Prostate
ETV1	Stomach
ETV4	Liver
ETV4	Prostate
ETV5	Colon
ETV6	Blood
ETV7	Colon
EWSR1	Muscle
EZH1	FetalLiver
EZH2	Blood
EZH2	BoneMarrow
EZH2	Brain
EZH2	Embryo
EZH2	EmbryonicKidney
EZH2	FetalLiver
EZH2	Liver
EZH2	Lung
EZH2	LymphNode
EZH2	MammaryGland
EZH2	Pontine
EZH2	Prostate
EZH2	Skin
EZH2	UmbilicalVein
FAIRE	BoneMarrow
FAIRE	Breast
FAIRE	Cervix
FAIRE	Embryo
FAIRE	Liver
FAIRE	MammaryGland
FAIRE	PancreaticIslet
FAIRE	UmbilicalVein
FANCD2	EmbryonicKidney
FEZF1	EmbryonicKidney
FLI1	Blood
FLI1	BoneMarrow
FLI1	Brain
FLI1	Cordblood
FLI1	Muscle
FLI1	Pleura
FLI1	UmbilicalVein
FOS	Blood
FOS	BoneMarrow
FOS	Breast
FOS	Cervix
FOS	UmbilicalVein
FOSL1	BoneMarrow
FOSL1	Breast
FOSL1	Colon
FOSL1	MammaryGland
FOSL2	Brain
FOSL2	Breast
FOSL2	Endometrium
FOSL2	Liver
FOSL2	Lung
FOXA1	Breast
FOXA1	Embryo
FOXA1	Endometrium
FOXA1	Liver
FOXA1	Lung
FOXA1	MammaryGland
FOXA1	Pancreaticductal
FOXA1	Prostate
FOXA1	endometrioidadenocarcinoma
FOXA2	Colon
FOXA2	Embryo
FOXA2	Liver
FOXA2	Lung
FOXA2	Skin
FOXD2	Colon
FOXH1	Embryo
FOXJ2	BoneMarrow
FOXK2	BoneMarrow
FOXK2	Liver
FOXM1	Blood
FOXM1	Brain
FOXM1	Breast
FOXM1	Cervix
FOXM1	EmbryonicKidney
FOXM1	Endometrium
FOXO1	Endometrium
FOXO1	Tonsil
FOXO3	BoneMarrow
FOXO3	Colon
FOXO3	Liver
FOXP1	Blood
FOXP1	BoneMarrow
FOXP1	Colon
FOXP1	Embryo
FOXP1	Prostate
FOXP2	Brain
FOXP3	Blood
GABP	Liver
GABPA	Blood
GABPA	BoneMarrow
GABPA	Brain
GABPA	Breast
GABPA	Cervix
GABPA	Embryo
GABPA	Liver
GABPA	Lung
GABPA	Prostate
GAPDH	Cervix
GATA1	Blood
GATA1	BoneMarrow
GATA1	Cordblood
GATA1	FetalLiver
GATA2	Blood
GATA2	BoneMarrow
GATA2	Prostate
GATA2	UmbilicalVein
GATA3	Blood
GATA3	BoneMarrow
GATA3	Brain
GATA3	Breast
GATA3	Embryo
GATA3	Lung
GATA3	MammaryGland
GATA3	Thymus
GATA4	Embryo
GATA4	Liver
GATA4	Lung
GATA4	Skin
GATA4	Stomach
GATA6	Colon
GATA6	Embryo
GATA6	Endoderm
GATA6	Pancreaticductal
GATA6	Stomach
GATAD1	Cervix
GATAD2B	Breast
GATAD2B	Cervix
GFI1B	EmbryonicKidney
GLI2	Blood
GLI2	Colon
GLI4	EmbryonicKidney
GLIS1	EmbryonicKidney
GLIS2	EmbryonicKidney
GMEB2	Colon
GPS2	EmbryonicKidney
GREB1	Breast
GRHL2	Breast
GRHL2	Bronchia
GRHL2	Prostate
GRHL3	Skin
GRIP1	Blood
GTF2B	BoneMarrow
GTF2B	Cervix
GTF2B	Lung
GTF2E2	BoneMarrow
GTF2F1	BoneMarrow
GTF2F1	Cervix
GTF2F1	Embryo
GTF3C2	BoneMarrow
GTF3C2	Cervix
H2AFX	Breast
H2AFX	Lung
H2AZ	Blood
H2AZ	Bone
H2AZ	BoneMarrow
H2AZ	Brain
H2AZ	Breast
H2AZ	Cervix
H2AZ	Colon
H2AZ	Embryo
H2AZ	Liver
H2AZ	Lung
H2AZ	MammaryGland
H2AZ	Prostate
H2AZ	SkeletalMuscle
H2AZ	Skin
H2AZ	UmbilicalVein
H2AZ	UrinaryBladder
HBP1	Liver
HCFC1	BoneMarrow
HCFC1	Breast
HCFC1	Cervix
HCFC1	EmbryonicKidney
HCFC1R1	Cartilage
HDAC1	Blood
HDAC1	BoneMarrow
HDAC1	Prostate
HDAC2	Blood
HDAC2	BoneMarrow
HDAC2	Breast
HDAC2	Embryo
HDAC2	Liver
HDAC2	Prostate
HDAC3	Blood
HDAC3	Prostate
HDAC4	Blood
HDAC6	Blood
HDAC8	BoneMarrow
HDGF	Blood
HDGF	BoneMarrow
HES1	Bone
HES1	BoneMarrow
HES2	Lung
HEXIM1	Colon
HEY1	BoneMarrow
HEY1	Liver
HHEX	Liver
HIC1	EmbryonicKidney
HIF1A	Bone
HIF1A	Cervix
HIF1A	Kidney
HIF1A	MammaryGland
HINFP	BoneMarrow
HINFP	Colon
HIRA	Cervix
HIRA	Lung
HLF	Liver
HLTF	BoneMarrow
HMBOX1	BoneMarrow
HMG20A	Blood
HMGN1	Blood
HMGN3	BoneMarrow
HNF1A	Epididymis
HNF1A	Liver
HNF1B	Pancreaticductal
HNF4A	Colon
HNF4A	Embryo
HNF4A	Liver
HNF4G	Liver
HNF4G	Prostate
HNRNPLL	BoneMarrow
HNRNPLL	Liver
HOTAIR	MammaryGland
HOXA2	Colon
HOXA4	Colon
HOXA6	Colon
HOXA9	Kidney
HOXB13	Colon
HOXB13	Prostate
HOXC9	Brain
HSF1	Bone
HSF1	Breast
HSF1	Liver
HSF1	Lung
HSF1	MammaryGland
ICE1	Colon
ID3	BoneMarrow
IKZF1	Blood
IKZF1	BoneMarrow
IKZF1	Liver
IKZF2	EmbryonicKidney
ING2	Colon
ING5	Colon
INO80	Blood
INO80	Liver
INO80	Lung
INSM2	EmbryonicKidney
INTS11	Cervix
INTS3	Cervix
IRAK1	EmbryonicKidney
IRF1	Blood
IRF1	BoneMarrow
IRF1	Colon
IRF1	Pancreaticductal
IRF3	Cervix
IRF4	Blood
IRF4	BoneMarrow
IRF5	Blood
IRF9	BoneMarrow
JMJD1C	Blood
JMJD6	EmbryonicKidney
JUN	BoneMarrow
JUN	Breast
JUN	Cervix
JUN	Colon
JUN	Coronaryarterysmoothmuscle
JUN	Liver
JUN	Lung
JUN	MammaryGland
JUN	UmbilicalVein
JUNB	Blood
JUNB	BoneMarrow
JUNB	Colon
JUND	Blood
JUND	BoneMarrow
JUND	Brain
JUND	Breast
JUND	Cervix
JUND	Colon
JUND	Coronaryarterysmoothmuscle
JUND	Embryo
JUND	Liver
JUND	Lung
JUND	MammaryGland
JUND	Prostate
KAT5	Blood
KAT7	Colon
KAT8	Blood
KAT8	BoneMarrow
KDM1A	Blood
KDM1A	BoneMarrow
KDM1A	Foreskin
KDM1A	Lung
KDM1A	Prostate
KDM1B	Liver
KDM2B	Blood
KDM2B	BoneMarrow
KDM4A	Breast
KDM4A	Embryo
KDM4B	BoneMarrow
KDM4C	Esophagus
KDM5A	Breast
KDM5A	Embryo
KDM5B	BoneMarrow
KDM5B	Breast
KDM5B	MammaryGland
KDM5C	BoneMarrow
KDM6B	Blood
KDM6B	Skin
KLF1	BoneMarrow
KLF1	EmbryonicKidney
KLF10	Liver
KLF11	Adipose
KLF12	EmbryonicKidney
KLF13	BoneMarrow
KLF15	EmbryonicKidney
KLF15	Muscle
KLF16	BoneMarrow
KLF17	EmbryonicKidney
KLF4	Breast
KLF4	Foreskin
KLF4	Lung
KLF4	Pancreaticductal
KLF4	Skin
KLF5	Colon
KLF5	Headandneck
KLF5	Pancreaticductal
KLF5	Stomach
KLF6	Pancreaticductal
KLF7	EmbryonicKidney
KLF8	EmbryonicKidney
KLF9	Breast
KLF9	EmbryonicKidney
KMT2A	BoneMarrow
KMT2A	Cordblood
KMT2A	Spleen
KMT2B	Colon
KMT2D	Blood
KMT2D	Breast
KMT2D	Tonsil
KRAB	BoneMarrow
L3MBTL2	BoneMarrow
L3MBTL4	Liver
LANA	Blood
LARP7	BoneMarrow
LARP7	Cervix
LARP7	Colon
LDB1	Blood
LEF1	BoneMarrow
LHX2	Colon
LIN9	Cervix
LMNA	Cervix
LMNB1	Lung
LMO1	Blood
LMO2	Blood
LMTK3	Breast
LOXL1	Lenscapsule
LYL1	Blood
MAF	Blood
MAFB	Foreskin
MAFF	BoneMarrow
MAFF	Liver
MAFG	BoneMarrow
MAFK	Blood
MAFK	BoneMarrow
MAFK	Cervix
MAFK	Colon
MAFK	Embryo
MAFK	Liver
MAFK	Lung
MAML3	Brain
MAPK1	Cervix
MAX	Blood
MAX	BoneMarrow
MAX	Brain
MAX	Breast
MAX	Cervix
MAX	Colon
MAX	Embryo
MAX	Endometrium
MAX	Liver
MAX	Lung
MAX	UmbilicalVein
MAZ	Blood
MAZ	BoneMarrow
MAZ	Cervix
MAZ	EmbryonicKidney
MAZ	Liver
MAZ	Lung
MBD1	isoform1
MBD1	isoform2
MBD2	BoneMarrow
MBD2	Breast
MBD2	Cervix
MBD3	Breast
MBD3	Cervix
MBD4	Liver
MBOAT4	Cervix
MCRS1	Liver
MECOM	Colon
MECP2	Colon
MECP2	Lung
MED1	Adipose
MED1	Blood
MED1	BoneMarrow
MED1	Brain
MED1	Breast
MED1	Colon
MED1	Embryo
MED1	Lung
MED1	Prostate
MED12	Colon
MEF2A	Blood
MEF2A	BoneMarrow
MEF2A	Brain
MEF2C	Blood
MEF2D	BoneMarrow
MEN1	Breast
MIER1	BoneMarrow
MITF	Skin
MKL2	Muscle
MLLT1	Blood
MLLT1	BoneMarrow
MLLT1	Breast
MNT	Colon
MNT	Liver
MRE11A	Prostate
MTA2	Blood
MTA2	BoneMarrow
MTA3	Blood
MTA3	Breast
MTOR	Prostate
MXI1	Blood
MXI1	BoneMarrow
MXI1	Brain
MXI1	Cervix
MXI1	Embryo
MXI1	Liver
MXI1	Lung
MYB	Blood
MYB	PeripheralBlood
MYBL2	Cervix
MYBL2	Liver
MYC	Blood
MYC	Bone
MYC	BoneMarrow
MYC	Brain
MYC	Breast
MYC	Cervix
MYC	Colon
MYC	Embryo
MYC	EmbryonicKidney
MYC	Liver
MYC	Lung
MYC	MammaryGland
MYC	Prostate
MYC	Skin
MYC	UmbilicalVein
MYCN	BoneMarrow
MYH11	Pleura
MYNN	BoneMarrow
MYNN	EmbryonicKidney
MYOD1	Muscle
MYOG	Embryo
NANOG	Embryo
NANOG	Prostate
NBN	Blood
NBN	BoneMarrow
NBN	Breast
NCAPG	Breast
NCAPG2	Breast
NCAPH2	EmbryonicKidney
NCOA1	BoneMarrow
NCOR1	Blood
NCOR1	BoneMarrow
NCOR1	Colon
NCOR1	EmbryonicKidney
NCOR2	BoneMarrow
NELFA	Cervix
NELFE	Breast
NELFE	Cervix
NELFE	Embryo
NEUROG2	FetalLung
NFAT5	Colon
NFATC1	Blood
NFATC1	UmbilicalVein
NFATC3	Liver
NFE2	BoneMarrow
NFE2	FetalLiver
NFE2L1	BoneMarrow
NFE2L2	Cervix
NFE2L2	Lung
NFIA	BoneMarrow
NFIA	Liver
NFIC	Blood
NFIC	Brain
NFIC	Endometrium
NFIC	Liver
NFIL3	Liver
NFRKB	BoneMarrow
NFYA	Blood
NFYA	BoneMarrow
NFYA	Cervix
NFYA	Colon
NFYB	Blood
NFYB	BoneMarrow
NFYB	Cervix
NFYC	Colon
NIPBL	Blood
NIPBL	Breast
NIPBL	Colon
NIPBL	Lung
NKRF	BoneMarrow
NME2	Lung
NONO	Breast
NOTCH1	Blood
NPAT	Colon
NR2C2	Blood
NR2C2	BoneMarrow
NR2C2	Cervix
NR2C2	Liver
NR2C2	Lung
NR2F1	BoneMarrow
NR2F1	Cranial
NR2F2	BoneMarrow
NR2F2	Breast
NR2F2	Cranial
NR2F2	Liver
NR2F2	Lung
NR2F6	BoneMarrow
NR2F6	Liver
NR3C1	Blood
NR3C1	Bone
NR3C1	Breast
NR3C1	Cervix
NR3C1	EmbryonicKidney
NR3C1	Endometrium
NR3C1	Liver
NR3C1	Lung
NR3C1	Muscle
NR3C1	Prostate
NR4A1	BoneMarrow
NR5A2	Breast
NRF1	Blood
NRF1	BoneMarrow
NRF1	Brain
NRF1	Breast
NRF1	Cervix
NRF1	Embryo
NRF1	Liver
NRF1	MammaryGland
OGT	Colon
OGT	EmbryonicKidney
ORC1	Cervix
ORC2	BoneMarrow
OSR2	EmbryonicKidney
OTX2	Embryo
OVOL3	EmbryonicKidney
PAF1	Breast
PAF1	Colon
PAF1	Lung
PARP1	Kidney
PATZ1	EmbryonicKidney
PAX3	Muscle
PAX5	Blood
PAX8	Fallopiantubesecretory
PBX1	MammaryGland
PBX2	BoneMarrow
PBX2	Liver
PBX3	Blood
PBX3	Brain
PBX3	Liver
PBX3	Lung
PDX1	Embryo
PGR	Endometrium
PHF8	BoneMarrow
PHF8	Cervix
PHF8	Embryo
PHF8	EmbryonicKidney
PHF8	Foreskin
PHIP	EmbryonicKidney
PIAS1	Prostate
PITX3	Midbrain
PKNOX1	BoneMarrow
PLRG1	Liver
PML	Blood
PML	BoneMarrow
PML	Breast
POLR2A	Blood
POLR2A	Bone
POLR2A	BoneMarrow
POLR2A	Brain
POLR2A	Breast
POLR2A	Cervix
POLR2A	Colon
POLR2A	Embryo
POLR2A	EmbryonicKidney
POLR2A	Endometrium
POLR2A	FetalLiver
POLR2A	Foreskin
POLR2A	Heart
POLR2A	Kidney
POLR2A	Liver
POLR2A	Lung
POLR2A	MammaryGland
POLR2A	Muscle
POLR2A	Pancreas
POLR2A	Pleura
POLR2A	Pontine
POLR2A	Prostate
POLR2A	Retina
POLR2A	SigmoidColon
POLR2A	Skin
POLR2A	Stomach
POLR2A	UmbilicalVein
POLR2A	Uterus
POLR2A	endometrioidadenocarcinoma
POLR2A	gastroesophagealsphincter
POLR2B	Cervix
POLR2B	Lung
POLR2H	BoneMarrow
POLR2M	Cervix
POLR3A	BoneMarrow
POLR3A	Cervix
POLR3D	FetalLung
POLR3D	Lung
POU2F2	Blood
POU5F1	Embryo
POU5F1	Skin
PPARG	Adipose
PPARG	Blood
PR	Breast
PR	MammaryGland
PRAME	BoneMarrow
PRDM1	Cervix
PRDM1	EmbryonicKidney
PRDM10	EmbryonicKidney
PRDM14	Embryo
PRDM2	EmbryonicKidney
PRDM6	EmbryonicKidney
PRMT5	Breast
PROX1	Colon
PROX1	UmbilicalVein
PTPN11	Lung
PTRF	BoneMarrow
PTTG1	BoneMarrow
PYGO2	BoneMarrow
RAC3	MammaryGland
RAD21	Blood
RAD21	BoneMarrow
RAD21	Brain
RAD21	Breast
RAD21	Cervix
RAD21	Colon
RAD21	Embryo
RAD21	Endometrium
RAD21	Liver
RAD21	Lung
RAD21	UmbilicalVein
RAD51	BoneMarrow
RAD51	Liver
RARA	Blood
RARA	BoneMarrow
RARA	Breast
RARG	Breast
RB1	Cervix
RB1	Lung
RBBP5	BoneMarrow
RBBP5	Embryo
RBCK1	Colon
RBL1	Lung
RBL2	Lung
RBP2	Pleura
RBPJ	Blood
RCOR1	Blood
RCOR1	BoneMarrow
RCOR1	Breast
RCOR1	Cervix
RCOR1	Foreskin
RCOR1	Liver
RCOR1	Lung
RELA	Blood
RELA	BoneMarrow
RELA	Breast
RELA	Cervix
RELA	Colon
RELA	Liver
RELA	Lung
RELA	Prostate
RELA	UmbilicalVein
REPIN1	Blood
REPIN1	Colon
REPIN1	Prostate
REST	AdrenalGland
REST	Blood
REST	BoneMarrow
REST	Brain
REST	Breast
REST	Cervix
REST	Colon
REST	Embryo
REST	EmbryonicKidney
REST	Endometrium
REST	Liver
REST	Lung
REST	Pancreas
RFX1	BoneMarrow
RFX1	Breast
RFX1	Colon
RFX2	Colon
RFX5	Blood
RFX5	BoneMarrow
RFX5	Brain
RFX5	Cervix
RFX5	Embryo
RFX5	Liver
RFX5	Lung
RING1	Foreskin
RING1	Prostate
RNF2	BoneMarrow
RNF2	Embryo
RNF2	EmbryonicKidney
RNF2	Foreskin
RNF2	Liver
RNF2	Prostate
RPE	Retina
RUNX1	Blood
RUNX1	BoneMarrow
RUNX1	Breast
RUNX1	Cordblood
RUNX1	FetalLiver
RUNX1	Kidney
RUNX1	Pleura
RUNX1	Prostate
RUNX1T1	Blood
RUNX2	Prostate
RUNX3	Blood
RUVBL1	Liver
RXRA	Blood
RXRA	Brain
RXRA	Breast
RXRA	Colon
RXRA	Embryo
RXRA	Liver
RXRG	Blood
RXRG	BoneMarrow
SAP30	BoneMarrow
SAP30	Embryo
SATB1	Liver
SCML2	BoneMarrow
SCRT1	EmbryonicKidney
SCRT2	EmbryonicKidney
SETDB1	Bone
SETDB1	BoneMarrow
SETDB1	Cervix
SETDB1	Skin
SFPQ	Breast
SIN3A	Blood
SIN3A	BoneMarrow
SIN3A	Brain
SIN3A	Breast
SIN3A	Colon
SIN3A	Embryo
SIN3A	Liver
SIN3A	Lung
SIN3A	Pancreas
SIRT6	BoneMarrow
SIX1	EmbryonicKidney
SIX1	Kidney
SIX2	EmbryonicKidney
SIX2	Kidney
SIX5	Blood
SIX5	BoneMarrow
SIX5	Embryo
SIX5	Lung
SMAD1	Blood
SMAD1	BoneMarrow
SMAD1	Embryo
SMAD1	Pleura
SMAD2	Embryo
SMAD3	Embryo
SMAD3	Lung
SMAD4	Embryo
SMAD4	Liver
SMAD4	Lung
SMAD5	Blood
SMARCA2	Brain
SMARCA4	Blood
SMARCA4	BoneMarrow
SMARCA4	Brain
SMARCA4	Embryo
SMARCA4	Liver
SMARCA4	MammaryGland
SMARCA4	epithelioidsarcoma
SMARCA5	BoneMarrow
SMARCB1	BoneMarrow
SMARCB1	Cervix
SMARCB1	epithelioidsarcoma
SMARCC1	Brain
SMARCC1	Cervix
SMARCC1	Kidney
SMARCC1	Liver
SMARCC1	epithelioidsarcoma
SMARCC2	Cervix
SMARCE1	BoneMarrow
SMC1A	Blood
SMC1A	Breast
SMC1A	Colon
SMC1A	Embryo
SMC1A	Foreskin
SMC1A	Lung
SMC3	Blood
SMC3	BoneMarrow
SMC3	Brain
SMC3	Cervix
SMC3	Colon
SMC3	Embryo
SMC3	EmbryonicKidney
SMC3	Liver
SMC3	Lung
SNAPC1	Breast
SND1	Blood
SOX13	Liver
SOX2	Brain
SOX2	Colon
SOX2	Embryo
SOX2	Lung
SOX2	Skin
SOX2	Thyroid
SOX4	FetalLung
SOX9	Colon
SP1	Blood
SP1	BoneMarrow
SP1	Colon
SP1	Embryo
SP1	EmbryonicKidney
SP1	Liver
SP1	Lung
SP2	BoneMarrow
SP2	Colon
SP2	Embryo
SP2	EmbryonicKidney
SP3	EmbryonicKidney
SP4	Embryo
SP4	EmbryonicKidney
SP7	EmbryonicKidney
SPDEF	Lung
SPI1	Blood
SPI1	BoneMarrow
SPI1	Cervix
SPI1	Cordblood
SPI1	FetalLiver
SPI1	Kidney
SPI1	Liver
SPIB	BoneMarrow
SRC	Colon
SRC	MammaryGland
SRCAP	Blood
SREBF1	Blood
SREBF1	Breast
SREBF1	Liver
SREBF2	Blood
SRF	Blood
SRF	BoneMarrow
SRF	Breast
SRF	Colon
SRF	Embryo
SRF	Endometrium
SRF	Liver
SRF	Muscle
SSRP1	ConnectiveTissue
SSRP1	Liver
SSU72	Embryo
STAG1	Blood
STAG1	Breast
STAG1	Colon
STAG1	Embryo
STAG1	Liver
STAT1	Blood
STAT1	BoneMarrow
STAT1	Cervix
STAT2	Blood
STAT2	BoneMarrow
STAT2	Colon
STAT3	Blood
STAT3	BoneMarrow
STAT3	Breast
STAT3	Cervix
STAT3	Lung
STAT3	LymphNode
STAT3	PeritonealEffusion
STAT3	UmbilicalCord
STAT4	Blood
STAT5	Blood
STAT5A	Blood
STAT5A	BoneMarrow
STAT5B	Blood
SUMO1	Cervix
SUMO1	Lung
SUMO2	BoneMarrow
SUMO2	EmbryonicKidney
SUMO2	Lung
SUMO2	Prostate
SUPT5H	BoneMarrow
SUPT5H	Cervix
SUZ12	Blood
SUZ12	BoneMarrow
SUZ12	Embryo
SUZ12	FetalLiver
SUZ12	Pontine
SUZ12	epithelioidsarcoma
T	Artery
T	Blood
T	Breast
T	Embryo
TAF1	Blood
TAF1	BoneMarrow
TAF1	Brain
TAF1	Breast
TAF1	Cervix
TAF1	Embryo
TAF1	Endometrium
TAF1	Liver
TAF1	Lung
TAF3	Colon
TAF7	BoneMarrow
TAF7	Embryo
TAFII	Embryo
TAL1	Blood
TAL1	BoneMarrow
TAL1	Colon
TAL1	Cordblood
TAL1	Embryo
TAL1	FetalLiver
TAL1	LymphNode
TAL1	PeripheralBlood
TARDBP	Blood
TARDBP	BoneMarrow
TBL1X	EmbryonicKidney
TBL1XR1	Blood
TBL1XR1	BoneMarrow
TBP	Blood
TBP	BoneMarrow
TBP	Cervix
TBP	Embryo
TBP	Liver
TBX21	Blood
TCF12	Blood
TCF12	Brain
TCF12	Breast
TCF12	Embryo
TCF12	Endometrium
TCF12	Liver
TCF12	Lung
TCF21	Coronaryarterysmoothmuscle
TCF4	Colon
TCF4	Embryo
TCF7	BoneMarrow
TCF7	Liver
TCF7L1	Blood
TCF7L1	Colon
TCF7L2	Blood
TCF7L2	BoneMarrow
TCF7L2	Breast
TCF7L2	Cervix
TCF7L2	Colon
TCF7L2	EmbryonicKidney
TCF7L2	Liver
TCF7L2	MammaryGland
TCF7L2	Pancreas
TCF7L2	Pleura
TCF7L2	Prostate
TCOF1	Cervix
TEAD1	Muscle
TEAD2	BoneMarrow
TEAD4	BoneMarrow
TEAD4	Brain
TEAD4	Breast
TEAD4	Colon
TEAD4	Embryo
TEAD4	Endometrium
TEAD4	Liver
TEAD4	Lung
TERC	Cervix
TERF1	Blood
TERF2	Blood
TERF2	Lung
TET2	Blood
TET2	EmbryonicKidney
TET3	EmbryonicKidney
TFAM	Cervix
TFAM	Colon
TFAP2A	Breast
TFAP2A	Cervix
TFAP2A	Cranial
TFAP2C	Breast
TFAP2C	Cervix
TFAP2C	MammaryGland
TFAP2C	Skin
TFAP4	Liver
TFDP1	Blood
TFDP1	BoneMarrow
TFDP1	Colon
TGIF2	Liver
THAP1	BoneMarrow
THAP11	Embryo
TLE3	Breast
TLE3	Prostate
TLX1	Blood
TOP1	Colon
TOP1	Prostate
TP53	Blood
TP53	Bone
TP53	Breast
TP53	Colon
TP53	Embryo
TP53	FetalSkin
TP53	Foreskin
TP53	Lung
TP53	Skin
TP63	Breast
TP63	Foreskin
TP63	Lung
TP63	Prostate
TP63	Skin
TP63	Thyroid
TP73	Bone
TRIM22	Blood
TRIM24	BoneMarrow
TRIM24	Breast
TRIM24	Prostate
TRIM25	BoneMarrow
TRIM25	Breast
TRIM28	Bone
TRIM28	BoneMarrow
TRIM28	Colon
TRIM28	Embryo
TRIM28	EmbryonicKidney
TRRAP	Cervix
TSC22D4	Blood
TSC22D4	Liver
TSHZ1	EmbryonicKidney
TTF1	Lung
TTF2	EmbryonicKidney
U2AF1	EmbryonicKidney
UBTF	BoneMarrow
UBTF	Cervix
USF1	Blood
USF1	BoneMarrow
USF1	Brain
USF1	Colon
USF1	Embryo
USF1	Endometrium
USF1	Liver
USF1	Lung
USF2	Blood
USF2	BoneMarrow
USF2	Cervix
USF2	Embryo
USF2	Liver
VDR	Blood
VDR	Colon
VDR	Prostate
VEZF1	Cervix
WDR5	Brain
WDR5	EmbryonicKidney
WDR5	Muscle
WDR5	Skin
WRNIP1	Blood
WT1	EmbryonicKidney
WWTR1	Breast
XBP1	Breast
XBP1	MammaryGland
XRN2	EmbryonicKidney
YAP1	Breast
YAP1	Lung
YAP1	ovarian
YBX1	Breast
YBX1	Liver
YY1	Blood
YY1	BoneMarrow
YY1	Brain
YY1	Cervix
YY1	Colon
YY1	Embryo
YY1	EmbryonicKidney
YY1	Endometrium
YY1	Liver
YY1	Lung
ZBED1	Blood
ZBTB1	EmbryonicKidney
ZBTB10	Colon
ZBTB11	BoneMarrow
ZBTB11	Breast
ZBTB11	EmbryonicKidney
ZBTB14	EmbryonicKidney
ZBTB16	BoneMarrow
ZBTB17	Bone
ZBTB17	Colon
ZBTB17	EmbryonicKidney
ZBTB17	MammaryGland
ZBTB2	Blood
ZBTB2	Liver
ZBTB26	EmbryonicKidney
ZBTB33	Blood
ZBTB33	BoneMarrow
ZBTB33	Brain
ZBTB33	Colon
ZBTB33	EmbryonicKidney
ZBTB33	Liver
ZBTB33	Lung
ZBTB40	Blood
ZBTB40	BoneMarrow
ZBTB40	Breast
ZBTB40	Liver
ZBTB42	EmbryonicKidney
ZBTB48	EmbryonicKidney
ZBTB6	EmbryonicKidney
ZBTB7A	BoneMarrow
ZBTB7A	EmbryonicKidney
ZBTB7A	Endometrium
ZBTB7A	Liver
ZBTB7B	Colon
ZBTB8A	EmbryonicKidney
ZC3H8	BoneMarrow
ZC3H8	Colon
ZEB1	Blood
ZEB1	EmbryonicKidney
ZEB1	Liver
ZEB1	Lung
ZEB1	MammaryGland
ZEB2	BoneMarrow
ZEB2	EmbryonicKidney
ZFP2	EmbryonicKidney
ZFP37	EmbryonicKidney
ZFP64	EmbryonicKidney
ZFP69B	EmbryonicKidney
ZFX	BoneMarrow
ZFX	Breast
ZFX	Cerebellum
ZFX	Colon
ZFX	Kidney
ZFX	Prostate
ZIC2	PeritonealEffusion
ZIM3	EmbryonicKidney
ZKSCAN1	BoneMarrow
ZKSCAN1	Breast
ZKSCAN1	Cervix
ZKSCAN8	BoneMarrow
ZMIZ1	BoneMarrow
ZMYM3	Blood
ZMYM3	BoneMarrow
ZMYM3	Liver
ZMYND8	EmbryonicKidney
ZMYND8	Kidney
ZMYND8	Prostate
ZNF101	EmbryonicKidney
ZNF121	EmbryonicKidney
ZNF131	Cervix
ZNF140	EmbryonicKidney
ZNF143	Blood
ZNF143	BoneMarrow
ZNF143	Cervix
ZNF143	Colon
ZNF143	Embryo
ZNF143	EmbryonicKidney
ZNF146	EmbryonicKidney
ZNF175	BoneMarrow
ZNF18	Blood
ZNF18	BoneMarrow
ZNF18	EmbryonicKidney
ZNF197	BoneMarrow
ZNF2	EmbryonicKidney
ZNF207	Breast
ZNF207	Liver
ZNF217	Breast
ZNF22	EmbryonicKidney
ZNF239	EmbryonicKidney
ZNF24	BoneMarrow
ZNF24	EmbryonicKidney
ZNF263	BoneMarrow
ZNF263	EmbryonicKidney
ZNF274	BoneMarrow
ZNF274	Embryo
ZNF280A	EmbryonicKidney
ZNF280D	EmbryonicKidney
ZNF317	EmbryonicKidney
ZNF318	BoneMarrow
ZNF320	EmbryonicKidney
ZNF324	EmbryonicKidney
ZNF331	EmbryonicKidney
ZNF335	EmbryonicKidney
ZNF341	EmbryonicKidney
ZNF346	EmbryonicKidney
ZNF35	EmbryonicKidney
ZNF362	EmbryonicKidney
ZNF366	EmbryonicKidney
ZNF382	EmbryonicKidney
ZNF384	Blood
ZNF384	BoneMarrow
ZNF384	EmbryonicKidney
ZNF391	EmbryonicKidney
ZNF394	EmbryonicKidney
ZNF410	BoneMarrow
ZNF414	EmbryonicKidney
ZNF423	EmbryonicKidney
ZNF436	EmbryonicKidney
ZNF438	EmbryonicKidney
ZNF467	EmbryonicKidney
ZNF486	Embryo
ZNF488	EmbryonicKidney
ZNF490	EmbryonicKidney
ZNF501	EmbryonicKidney
ZNF512	BoneMarrow
ZNF518A	EmbryonicKidney
ZNF528	EmbryonicKidney
ZNF547	EmbryonicKidney
ZNF549	EmbryonicKidney
ZNF554	EmbryonicKidney
ZNF558	EmbryonicKidney
ZNF574	EmbryonicKidney
ZNF580	EmbryonicKidney
ZNF584	BoneMarrow
ZNF585B	EmbryonicKidney
ZNF586	EmbryonicKidney
ZNF589	BoneMarrow
ZNF592	Breast
ZNF600	EmbryonicKidney
ZNF610	EmbryonicKidney
ZNF623	EmbryonicKidney
ZNF639	BoneMarrow
ZNF639	EmbryonicKidney
ZNF644	BoneMarrow
ZNF654	EmbryonicKidney
ZNF664	EmbryonicKidney
ZNF680	EmbryonicKidney
ZNF687	Breast
ZNF692	EmbryonicKidney
ZNF697	EmbryonicKidney
ZNF707	EmbryonicKidney
ZNF71	EmbryonicKidney
ZNF711	Breast
ZNF740	BoneMarrow
ZNF750	Foreskin
ZNF75A	BoneMarrow
ZNF76	EmbryonicKidney
ZNF766	BoneMarrow
ZNF770	EmbryonicKidney
ZNF778	EmbryonicKidney
ZNF781	EmbryonicKidney
ZNF788	EmbryonicKidney
ZNF792	EmbryonicKidney
ZNF8	EmbryonicKidney
ZNF800	EmbryonicKidney
ZNF83	BoneMarrow
ZNF83	Colon
ZNF837	EmbryonicKidney
ZSCAN16	EmbryonicKidney
ZSCAN2	Liver
ZSCAN20	EmbryonicKidney
ZSCAN22	EmbryonicKidney
ZSCAN23	EmbryonicKidney
ZSCAN29	BoneMarrow
ZSCAN5A	EmbryonicKidney
ZXDB	EmbryonicKidney
